simulation,sparsity,h0,h1,h2,avg_h0,avg_h1,avg_h2,var_h0,var_h1,var_h2
0,0.1,9.0,0.0,0.0,25.333333333333332,,,1742.2222222222222,,
1,0.1,8.0,0.0,0.0,32.25,,,1869.9375,,
2,0.1,7.0,0.0,0.0,32.714285714285715,,,1255.0612244897961,,
3,0.1,8.0,0.0,0.0,35.0,,,348.75,,
4,0.1,9.0,0.0,0.0,23.666666666666668,,,1402.2222222222222,,
5,0.1,9.0,0.0,0.0,27.444444444444443,,,684.6913580246915,,
6,0.1,8.0,1.0,0.0,33.875,17.0,,869.109375,0.0,
7,0.1,9.0,0.0,0.0,15.222222222222221,,,569.9506172839506,,
8,0.1,9.0,1.0,0.0,25.444444444444443,14.0,,354.24691358024694,0.0,
9,0.1,8.0,0.0,0.0,17.0,,,464.25,,
10,0.1,7.0,0.0,0.0,27.714285714285715,,,1787.9183673469383,,
11,0.1,8.0,1.0,0.0,22.125,11.0,,299.359375,0.0,
12,0.1,8.0,0.0,0.0,26.5,,,650.75,,
13,0.1,9.0,0.0,0.0,30.333333333333332,,,886.6666666666666,,
14,0.1,9.0,0.0,0.0,25.77777777777778,,,901.2839506172841,,
15,0.1,9.0,0.0,0.0,23.0,,,1175.111111111111,,
16,0.1,9.0,0.0,0.0,24.77777777777778,,,461.7283950617284,,
17,0.1,9.0,0.0,0.0,21.22222222222222,,,378.61728395061726,,
18,0.1,9.0,0.0,0.0,27.0,,,622.0,,
19,0.1,8.0,0.0,0.0,15.375,,,209.734375,,
20,0.1,8.0,0.0,0.0,23.5,,,416.75,,
21,0.1,9.0,0.0,0.0,14.555555555555555,,,198.02469135802468,,
22,0.1,8.0,0.0,0.0,37.875,,,902.609375,,
23,0.1,8.0,0.0,0.0,22.875,,,317.359375,,
24,0.1,9.0,0.0,0.0,34.333333333333336,,,901.7777777777778,,
25,0.1,9.0,0.0,0.0,24.444444444444443,,,455.3580246913581,,
26,0.1,9.0,0.0,0.0,26.444444444444443,,,716.6913580246915,,
27,0.1,8.0,0.0,0.0,30.75,,,1047.9375,,
28,0.1,9.0,0.0,0.0,29.555555555555557,,,1437.8024691358025,,
29,0.1,9.0,0.0,0.0,20.88888888888889,,,396.09876543209884,,
30,0.1,9.0,0.0,0.0,26.88888888888889,,,1427.4320987654323,,
31,0.1,9.0,0.0,0.0,28.444444444444443,,,572.4691358024692,,
32,0.1,9.0,0.0,0.0,29.11111111111111,,,934.9876543209876,,
33,0.1,9.0,1.0,0.0,34.77777777777778,17.0,,671.5061728395062,0.0,
34,0.1,8.0,1.0,0.0,30.0,13.0,,1064.75,0.0,
35,0.1,9.0,0.0,0.0,22.11111111111111,,,1114.0987654320988,,
36,0.1,8.0,0.0,0.0,14.875,,,397.359375,,
37,0.1,9.0,1.0,0.0,30.77777777777778,8.0,,1522.8395061728397,0.0,
38,0.1,8.0,0.0,0.0,35.25,,,638.9375,,
39,0.1,9.0,0.0,0.0,25.77777777777778,,,754.8395061728395,,
40,0.1,9.0,0.0,0.0,20.77777777777778,,,250.6172839506173,,
41,0.1,9.0,1.0,0.0,35.333333333333336,16.0,,1126.888888888889,0.0,
42,0.1,9.0,0.0,0.0,26.22222222222222,,,690.172839506173,,
43,0.1,9.0,0.0,0.0,18.88888888888889,,,838.320987654321,,
44,0.1,9.0,2.0,0.0,27.555555555555557,15.5,,442.02469135802465,110.25,
45,0.1,9.0,0.0,0.0,23.88888888888889,,,1100.3209876543212,,
46,0.1,9.0,1.0,0.0,32.0,26.0,,436.0,0.0,
47,0.1,9.0,0.0,0.0,28.11111111111111,,,842.0987654320986,,
48,0.1,9.0,0.0,0.0,31.77777777777778,,,281.0617283950617,,
49,0.1,8.0,0.0,0.0,23.625,,,581.484375,,
0,0.2,17.0,2.0,0.0,21.941176470588236,8.0,,559.3494809688582,49.0,
1,0.2,16.0,0.0,0.0,19.0,,,1041.25,,
2,0.2,14.0,0.0,0.0,19.857142857142858,,,460.9795918367346,,
3,0.2,18.0,2.0,0.0,20.333333333333332,2.5,,321.77777777777777,2.25,
4,0.2,19.0,0.0,0.0,15.526315789473685,,,671.196675900277,,
5,0.2,17.0,0.0,0.0,18.235294117647058,,,499.00346020761253,,
6,0.2,17.0,1.0,0.0,20.529411764705884,11.0,,674.0138408304498,0.0,
7,0.2,16.0,1.0,0.0,20.0,2.0,,681.625,0.0,
8,0.2,18.0,1.0,0.0,19.5,14.0,,431.1388888888889,0.0,
9,0.2,17.0,0.0,0.0,10.941176470588236,,,234.64359861591697,,
10,0.2,16.0,0.0,0.0,19.0625,,,864.18359375,,
11,0.2,19.0,0.0,0.0,14.578947368421053,,,323.0858725761773,,
12,0.2,18.0,1.0,0.0,20.555555555555557,2.0,,354.8024691358025,0.0,
13,0.2,19.0,0.0,0.0,14.210526315789474,,,376.5872576177285,,
14,0.2,16.0,0.0,0.0,17.6875,,,450.21484375,,
15,0.2,16.0,0.0,0.0,13.75,,,565.0625,,
16,0.2,17.0,0.0,0.0,16.764705882352942,,,256.06228373702425,,
17,0.2,16.0,0.0,0.0,16.0625,,,242.18359375,,
18,0.2,17.0,0.0,0.0,19.0,,,479.7647058823529,,
19,0.2,17.0,0.0,0.0,21.58823529411765,,,341.7716262975778,,
20,0.2,17.0,0.0,0.0,19.647058823529413,,,546.6989619377164,,
21,0.2,17.0,0.0,0.0,16.294117647058822,,,135.61937716262972,,
22,0.2,18.0,0.0,0.0,19.72222222222222,,,545.2006172839506,,
23,0.2,17.0,1.0,0.0,17.705882352941178,2.0,,466.20761245674754,0.0,
24,0.2,17.0,0.0,0.0,23.58823529411765,,,708.9480968858131,,
25,0.2,16.0,1.0,0.0,18.625,3.0,,251.984375,0.0,
26,0.2,16.0,1.0,0.0,20.875,1.0,,222.234375,0.0,
27,0.2,18.0,0.0,0.0,17.72222222222222,,,600.0895061728394,,
28,0.2,18.0,0.0,0.0,21.11111111111111,,,648.320987654321,,
29,0.2,17.0,0.0,0.0,21.235294117647058,,,527.0034602076125,,
30,0.2,17.0,1.0,0.0,17.352941176470587,2.0,,558.8166089965398,0.0,
31,0.2,17.0,1.0,0.0,19.058823529411764,3.0,,405.93771626297575,0.0,
32,0.2,18.0,0.0,0.0,17.38888888888889,,,611.3487654320988,,
33,0.2,18.0,0.0,0.0,20.555555555555557,,,510.6913580246914,,
34,0.2,17.0,0.0,0.0,17.764705882352942,,,557.8269896193772,,
35,0.2,16.0,0.0,0.0,16.375,,,701.234375,,
36,0.2,18.0,0.0,0.0,6.666666666666667,,,15.0,,
37,0.2,18.0,2.0,0.0,16.72222222222222,9.0,,967.3117283950617,16.0,
38,0.2,16.0,1.0,0.0,20.8125,1.0,,522.65234375,0.0,
39,0.2,16.0,1.0,0.0,21.6875,11.0,,347.08984375,0.0,
40,0.2,18.0,0.0,0.0,19.444444444444443,,,342.2469135802469,,
41,0.2,17.0,0.0,0.0,18.41176470588235,,,745.8892733564014,,
42,0.2,14.0,0.0,0.0,16.857142857142858,,,363.83673469387753,,
43,0.2,16.0,0.0,0.0,20.3125,,,671.71484375,,
44,0.2,17.0,4.0,0.0,21.176470588235293,9.5,,234.2629757785467,54.25,
45,0.2,18.0,0.0,0.0,15.61111111111111,,,439.4598765432099,,
46,0.2,16.0,0.0,0.0,17.9375,,,308.68359375,,
47,0.2,16.0,0.0,0.0,17.875,,,544.359375,,
48,0.2,17.0,1.0,0.0,19.941176470588236,2.0,,342.1730103806228,0.0,
49,0.2,19.0,0.0,0.0,16.42105263157895,,,341.50692520775624,,
0,0.3,25.0,0.0,0.0,13.8,,,301.44000000000005,,
1,0.3,24.0,2.0,0.0,14.666666666666666,5.5,,589.6388888888888,12.25,
2,0.3,20.0,2.0,0.0,19.3,9.0,,328.41,9.0,
3,0.3,23.0,2.0,0.0,17.82608695652174,2.5,,308.1436672967864,2.25,
4,0.3,26.0,0.0,0.0,10.807692307692308,,,325.6937869822486,,
5,0.3,26.0,0.0,0.0,11.461538461538462,,,350.8639053254438,,
6,0.3,24.0,1.0,0.0,16.583333333333332,4.0,,413.40972222222234,0.0,
7,0.3,25.0,0.0,0.0,13.04,,,507.9584000000001,,
8,0.3,27.0,1.0,0.0,14.222222222222221,14.0,,360.7654320987655,0.0,
9,0.3,24.0,0.0,0.0,10.291666666666666,,,216.62326388888889,,
10,0.3,18.0,0.0,0.0,15.5,,,759.5833333333334,,
11,0.3,26.0,1.0,0.0,12.884615384615385,13.0,,236.02514792899407,0.0,
12,0.3,24.0,1.0,0.0,13.125,7.0,,295.4427083333333,0.0,
13,0.3,26.0,0.0,0.0,13.923076923076923,,,278.1479289940829,,
14,0.3,23.0,0.0,0.0,12.869565217391305,,,345.24385633270316,,
15,0.3,20.0,0.0,0.0,14.3,,,336.51000000000005,,
16,0.3,23.0,1.0,0.0,12.173913043478262,1.0,,254.3175803402646,0.0,
17,0.3,25.0,0.0,0.0,11.96,,,199.1584,,
18,0.3,26.0,1.0,0.0,14.115384615384615,5.0,,296.1789940828403,0.0,
19,0.3,24.0,1.0,0.0,16.875,1.0,,269.609375,0.0,
20,0.3,25.0,0.0,0.0,15.04,,,380.75839999999994,,
21,0.3,24.0,3.0,0.0,13.583333333333334,1.6666666666666667,,122.40972222222223,0.2222222222222222,
22,0.3,24.0,2.0,0.0,15.458333333333334,1.0,,551.9149305555555,0.0,
23,0.3,23.0,0.0,0.0,14.826086956521738,,,413.4480151228734,,
24,0.3,24.0,1.0,0.0,18.625,8.0,,516.734375,0.0,
25,0.3,27.0,3.0,0.0,14.74074074074074,1.3333333333333333,,217.52537722908093,0.2222222222222222,
26,0.3,25.0,1.0,0.0,14.52,1.0,,262.1696,0.0,
27,0.3,23.0,1.0,0.0,14.478260869565217,1.0,,399.9017013232514,0.0,
28,0.3,25.0,0.0,0.0,15.2,,,560.0,,
29,0.3,23.0,1.0,0.0,18.08695652173913,6.0,,431.8185255198488,0.0,
30,0.3,27.0,0.0,0.0,13.037037037037036,,,513.7393689986283,,
31,0.3,26.0,1.0,0.0,13.76923076923077,6.0,,389.6390532544378,0.0,
32,0.3,24.0,1.0,0.0,14.875,1.0,,387.0260416666667,0.0,
33,0.3,26.0,1.0,0.0,15.76923076923077,36.0,,482.48520710059165,0.0,
34,0.3,23.0,2.0,0.0,15.173913043478262,6.0,,456.57844990548193,25.0,
35,0.3,22.0,1.0,0.0,16.181818181818183,18.0,,530.0578512396695,0.0,
36,0.3,24.0,0.0,0.0,12.666666666666666,,,305.3888888888889,,
37,0.3,24.0,2.0,0.0,13.75,9.0,,735.3541666666666,25.0,
38,0.3,23.0,1.0,0.0,17.695652173913043,2.0,,434.99432892249524,0.0,
39,0.3,21.0,3.0,0.0,18.047619047619047,12.333333333333334,,370.3310657596371,96.88888888888887,
40,0.3,24.0,0.0,0.0,12.041666666666666,,,187.3732638888889,,
41,0.3,26.0,1.0,0.0,14.961538461538462,28.0,,434.72928994082844,0.0,
42,0.3,18.0,0.0,0.0,16.77777777777778,,,335.3950617283951,,
43,0.3,22.0,0.0,0.0,15.863636363636363,,,487.0268595041323,,
44,0.3,23.0,4.0,0.0,20.434782608695652,12.5,,373.9848771266541,67.25,
45,0.3,22.0,0.0,0.0,10.363636363636363,,,342.4132231404959,,
46,0.3,24.0,0.0,0.0,15.583333333333334,,,249.24305555555551,,
47,0.3,26.0,1.0,0.0,16.653846153846153,1.0,,506.84171597633144,0.0,
48,0.3,22.0,0.0,0.0,15.363636363636363,,,263.5950413223141,,
49,0.3,24.0,0.0,0.0,11.333333333333334,,,263.88888888888886,,
0,0.4,26.0,1.0,0.0,15.538461538461538,15.0,,577.7100591715977,0.0,
1,0.4,31.0,1.0,0.0,14.225806451612904,44.0,,479.7232049947971,0.0,
2,0.4,31.0,1.0,0.0,12.774193548387096,2.0,,219.46514047866808,0.0,
3,0.4,29.0,2.0,0.0,14.586206896551724,3.0,,275.2770511296076,4.0,
4,0.4,33.0,0.0,0.0,8.696969696969697,,,225.78696051423321,,
5,0.4,29.0,0.0,0.0,11.10344827586207,,,348.71343638525565,,
6,0.4,30.0,1.0,0.0,13.333333333333334,4.0,,343.4222222222222,0.0,
7,0.4,28.0,1.0,0.0,12.25,3.0,,477.11607142857144,0.0,
8,0.4,35.0,1.0,0.0,11.885714285714286,12.0,,272.2155102040816,0.0,
9,0.4,33.0,0.0,0.0,10.484848484848484,,,386.00734618916437,,
10,0.4,28.0,0.0,0.0,12.821428571428571,,,570.0038265306123,,
11,0.4,26.0,2.0,0.0,12.807692307692308,5.5,,270.4630177514793,20.25,
12,0.4,34.0,0.0,0.0,10.5,,,259.77941176470586,,
13,0.4,32.0,0.0,0.0,11.875,,,300.046875,,
14,0.4,28.0,1.0,0.0,9.714285714285714,2.0,,255.3469387755102,0.0,
15,0.4,26.0,0.0,0.0,10.461538461538462,,,350.71005917159766,,
16,0.4,32.0,2.0,0.0,11.9375,3.5,,209.12109375,2.25,
17,0.4,32.0,0.0,0.0,9.28125,,,126.7021484375,,
18,0.4,32.0,2.0,0.0,14.15625,18.5,,273.9443359375,90.25,
19,0.4,31.0,0.0,0.0,13.516129032258064,,,236.3787721123829,,
20,0.4,29.0,1.0,0.0,13.862068965517242,4.0,,319.91200951248516,0.0,
21,0.4,34.0,0.0,0.0,11.470588235294118,,,137.4256055363322,,
22,0.4,32.0,0.0,0.0,12.25,,,348.4375,,
23,0.4,30.0,0.0,0.0,12.733333333333333,,,325.1955555555555,,
24,0.4,30.0,1.0,1.0,16.5,13.0,9.0,425.05,0.0,0.0
25,0.4,32.0,1.0,0.0,10.6875,1.0,,174.83984375,0.0,
26,0.4,30.0,1.0,0.0,13.1,1.0,,185.95666666666665,0.0,
27,0.4,26.0,0.0,0.0,12.576923076923077,,,412.55177514792894,,
28,0.4,29.0,0.0,0.0,14.862068965517242,,,482.601664684899,,
29,0.4,31.0,0.0,0.0,13.548387096774194,,,388.2476586888658,,
30,0.4,32.0,2.0,0.0,13.34375,10.5,,419.0380859375,30.25,
31,0.4,33.0,1.0,0.0,11.484848484848484,3.0,,286.613406795225,0.0,
32,0.4,32.0,1.0,0.0,11.59375,17.0,,284.9287109375,0.0,
33,0.4,30.0,1.0,0.0,14.366666666666667,36.0,,434.16555555555556,0.0,
34,0.4,29.0,1.0,0.0,14.310344827586206,1.0,,505.179548156956,0.0,
35,0.4,30.0,2.0,0.0,11.0,9.0,,471.73333333333335,64.0,
36,0.4,28.0,0.0,0.0,10.714285714285714,,,460.4897959183674,,
37,0.4,33.0,2.0,0.0,9.787878787878787,4.0,,510.47015610651977,9.0,
38,0.4,27.0,1.0,0.0,16.77777777777778,1.0,,365.5061728395062,0.0,
39,0.4,29.0,1.0,0.0,13.275862068965518,7.0,,248.26872770511298,0.0,
40,0.4,31.0,0.0,0.0,9.580645161290322,,,137.5983350676379,,
41,0.4,28.0,2.0,1.0,16.75,30.0,7.0,414.04464285714283,169.0,0.0
42,0.4,23.0,0.0,0.0,15.652173913043478,,,317.7920604914934,,
43,0.4,28.0,0.0,0.0,11.928571428571429,,,571.9234693877551,,
44,0.4,31.0,4.0,0.0,16.451612903225808,12.0,,247.60249739854316,62.5,
45,0.4,28.0,0.0,0.0,12.821428571428571,,,410.64668367346945,,
46,0.4,32.0,2.0,0.0,12.03125,13.0,,234.5302734375,81.0,
47,0.4,30.0,1.0,0.0,12.766666666666667,3.0,,424.5788888888889,0.0,
48,0.4,30.0,1.0,0.0,14.5,5.0,,225.05,0.0,
49,0.4,35.0,0.0,0.0,9.885714285714286,,,255.24408163265304,,
0,0.5,32.0,1.0,0.0,12.125,13.0,,364.171875,0.0,
1,0.5,34.0,1.0,0.0,10.676470588235293,3.0,,585.9247404844291,0.0,
2,0.5,35.0,3.0,0.0,11.857142857142858,4.0,,227.6081632653061,2.6666666666666665,
3,0.5,38.0,2.0,0.0,12.5,3.5,,226.77631578947367,2.25,
4,0.5,41.0,0.0,0.0,7.7073170731707314,,,189.96311719214754,,
5,0.5,37.0,1.0,0.0,11.324324324324325,10.0,,331.19211102994893,0.0,
6,0.5,36.0,1.0,0.0,10.944444444444445,13.0,,411.4413580246914,0.0,
7,0.5,38.0,1.0,0.0,9.68421052631579,2.0,,360.2160664819944,0.0,
8,0.5,37.0,1.0,0.0,10.864864864864865,12.0,,255.03579254930614,0.0,
9,0.5,39.0,0.0,0.0,9.333333333333334,,,321.7606837606838,,
10,0.5,32.0,0.0,0.0,11.8125,,,431.96484375,,
11,0.5,36.0,2.0,0.0,10.63888888888889,4.5,,261.89737654320993,12.25,
12,0.5,39.0,0.0,0.0,10.615384615384615,,,217.9802761341223,,
13,0.5,35.0,0.0,0.0,10.742857142857142,,,241.2195918367347,,
14,0.5,39.0,1.0,0.0,9.153846153846153,2.0,,229.05325443786978,0.0,
15,0.5,33.0,1.0,0.0,11.575757575757576,8.0,,371.5169880624426,0.0,
16,0.5,38.0,5.0,0.0,11.552631578947368,2.4,,158.66828254847644,2.2399999999999998,
17,0.5,38.0,0.0,0.0,10.605263157894736,,,177.97576177285316,,
18,0.5,38.0,1.0,0.0,13.052631578947368,8.0,,266.68144044321326,0.0,
19,0.5,37.0,1.0,0.0,11.35135135135135,1.0,,208.06574141709277,0.0,
20,0.5,32.0,1.0,0.0,13.3125,2.0,,286.02734375,0.0,
21,0.5,40.0,0.0,0.0,11.05,,,124.89750000000001,,
22,0.5,35.0,0.0,0.0,11.342857142857143,,,301.93959183673473,,
23,0.5,36.0,1.0,0.0,10.61111111111111,2.0,,203.23765432098764,0.0,
24,0.5,33.0,3.0,1.0,15.090909090909092,8.0,4.0,379.0523415977961,20.666666666666668,0.0
25,0.5,39.0,3.0,0.0,10.025641025641026,2.0,,145.87113740959896,0.6666666666666666,
26,0.5,36.0,0.0,0.0,10.944444444444445,,,187.66358024691357,,
27,0.5,34.0,0.0,0.0,10.529411764705882,,,297.7785467128028,,
28,0.5,35.0,0.0,0.0,11.228571428571428,,,441.03346938775513,,
29,0.5,33.0,1.0,0.0,14.212121212121213,28.0,,333.86409550045914,0.0,
30,0.5,38.0,0.0,0.0,10.263157894736842,,,295.7728531855955,,
31,0.5,40.0,2.0,0.0,10.15,2.0,,244.5275,1.0,
32,0.5,37.0,1.0,0.0,10.702702702702704,17.0,,272.80350620891164,0.0,
33,0.5,40.0,1.0,0.0,11.15,36.0,,344.77750000000003,0.0,
34,0.5,32.0,1.0,0.0,10.625,11.0,,339.859375,0.0,
35,0.5,33.0,2.0,0.0,11.787878787878787,7.0,,445.56106519742883,36.0,
36,0.5,38.0,0.0,0.0,9.631578947368421,,,248.8642659279778,,
37,0.5,39.0,2.0,0.0,8.897435897435898,8.5,,481.2715318869165,12.25,
38,0.5,34.0,1.0,0.0,13.235294117647058,1.0,,318.6505190311418,0.0,
39,0.5,37.0,4.0,0.0,11.72972972972973,3.0,,195.65668371073775,3.5,
40,0.5,35.0,0.0,0.0,11.114285714285714,,,207.0726530612245,,
41,0.5,38.0,1.0,0.0,11.5,24.0,,341.67105263157896,0.0,
42,0.5,33.0,0.0,0.0,11.666666666666666,,,261.979797979798,,
43,0.5,33.0,0.0,0.0,10.818181818181818,,,497.42148760330593,,
44,0.5,35.0,4.0,0.0,14.514285714285714,12.75,,293.73551020408166,34.1875,
45,0.5,39.0,0.0,0.0,8.717948717948717,,,234.2537804076266,,
46,0.5,38.0,3.0,0.0,11.736842105263158,12.666666666666666,,207.45706371191136,72.22222222222221,
47,0.5,37.0,3.0,0.0,12.756756756756756,2.0,,345.91380569758945,0.6666666666666666,
48,0.5,33.0,2.0,0.0,14.484848484848484,6.5,,221.28007346189165,2.25,
49,0.5,38.0,0.0,0.0,8.421052631578947,,,188.13850415512465,,
0,0.6,40.0,1.0,0.0,12.05,15.0,,372.8975000000001,0.0,
1,0.6,37.0,3.0,0.0,10.91891891891892,4.0,,397.9123447772096,12.666666666666666,
2,0.6,36.0,1.0,0.0,11.083333333333334,3.0,,233.40972222222223,0.0,
3,0.6,41.0,2.0,0.0,10.658536585365853,3.0,,220.37120761451519,4.0,
4,0.6,48.0,0.0,0.0,7.6875,,,198.42317708333334,,
5,0.6,40.0,1.0,0.0,10.275,5.0,,306.749375,0.0,
6,0.6,39.0,1.0,0.0,10.307692307692308,12.0,,355.8027613412229,0.0,
7,0.6,44.0,1.0,0.0,8.727272727272727,2.0,,317.5165289256199,0.0,
8,0.6,46.0,2.0,0.0,9.41304347826087,7.0,,200.98156899810965,25.0,
9,0.6,45.0,1.0,0.0,6.844444444444444,2.0,,97.7758024691358,0.0,
10,0.6,33.0,0.0,0.0,11.727272727272727,,,416.6225895316805,,
11,0.6,42.0,2.0,0.0,10.904761904761905,11.5,,258.70521541950114,2.25,
12,0.6,49.0,4.0,0.0,9.122448979591837,3.25,,203.45439400249893,5.1875,
13,0.6,39.0,1.0,0.0,10.666666666666666,1.0,,221.40170940170944,0.0,
14,0.6,42.0,1.0,0.0,9.404761904761905,2.0,,221.764739229025,0.0,
15,0.6,37.0,0.0,0.0,10.486486486486486,,,297.38495252008767,,
16,0.6,46.0,3.0,0.0,9.717391304347826,3.3333333333333335,,153.50708884688086,2.8888888888888893,
17,0.6,43.0,0.0,0.0,9.418604651162791,,,179.1270957274202,,
18,0.6,42.0,2.0,0.0,12.571428571428571,16.0,,256.2925170068027,121.0,
19,0.6,45.0,1.0,0.0,9.511111111111111,1.0,,184.160987654321,0.0,
20,0.6,38.0,0.0,0.0,10.342105263157896,,,299.0145429362881,,
21,0.6,45.0,0.0,0.0,10.11111111111111,,,113.6543209876543,,
22,0.6,43.0,1.0,0.0,10.255813953488373,10.0,,312.60897782585187,0.0,
23,0.6,40.0,0.0,0.0,9.7,,,216.16,,
24,0.6,37.0,1.0,1.0,13.864864864864865,11.0,7.0,382.7114682249818,0.0,0.0
25,0.6,44.0,2.0,0.0,9.340909090909092,2.0,,154.7701446280992,1.0,
26,0.6,40.0,1.0,0.0,10.2,2.0,,187.35999999999999,0.0,
27,0.6,39.0,2.0,0.0,10.717948717948717,11.0,,263.689677843524,4.0,
28,0.6,41.0,2.0,0.0,11.463414634146341,7.0,,307.61451516954196,36.0,
29,0.6,41.0,3.0,0.0,12.390243902439025,13.333333333333334,,324.725758477097,108.22222222222221,
30,0.6,46.0,2.0,0.0,9.804347826086957,9.5,,288.0269376181475,30.25,
31,0.6,47.0,2.0,0.0,9.063829787234043,2.0,,208.82571299230423,1.0,
32,0.6,37.0,1.0,0.0,10.35135135135135,3.0,,295.0387143900657,0.0,
33,0.6,44.0,2.0,1.0,10.886363636363637,22.5,3.0,300.6916322314049,0.25,0.0
34,0.6,40.0,1.0,0.0,9.75,11.0,,295.3375,0.0,
35,0.6,38.0,2.0,0.0,10.236842105263158,12.0,,364.3912742382272,121.0,
36,0.6,44.0,1.0,0.0,9.204545454545455,1.0,,179.93543388429754,0.0,
37,0.6,42.0,1.0,0.0,8.904761904761905,2.0,,427.8480725623583,0.0,
38,0.6,39.0,0.0,0.0,10.615384615384615,,,279.31360946745565,,
39,0.6,40.0,4.0,2.0,11.6,10.0,2.0,244.09,72.5,0.0
40,0.6,44.0,0.0,0.0,8.545454545454545,,,198.47520661157023,,
41,0.6,42.0,2.0,1.0,11.976190476190476,28.0,12.0,347.8327664399093,144.0,0.0
42,0.6,41.0,0.0,0.0,10.073170731707316,,,225.14098750743608,,
43,0.6,35.0,0.0,0.0,10.628571428571428,,,327.60489795918363,,
44,0.6,40.0,5.0,1.0,13.825,11.0,1.0,216.59437499999999,39.6,0.0
45,0.6,43.0,0.0,0.0,8.744186046511627,,,257.39967550027035,,
46,0.6,45.0,2.0,0.0,9.933333333333334,11.5,,188.1511111111111,110.25,
47,0.6,44.0,2.0,0.0,10.113636363636363,2.5,,270.87345041322317,0.25,
48,0.6,38.0,3.0,0.0,13.052631578947368,5.0,,188.52354570637118,6.0,
49,0.6,44.0,0.0,0.0,7.25,,,170.2784090909091,,
0,0.7,42.0,1.0,0.0,11.642857142857142,20.0,,293.89625850340144,0.0,
1,0.7,45.0,2.0,0.0,10.2,22.5,,366.4266666666666,462.25,
2,0.7,43.0,3.0,0.0,10.395348837209303,6.666666666666667,,177.44835045970794,16.88888888888889,
3,0.7,46.0,2.0,0.0,10.065217391304348,3.0,,203.19139886578452,4.0,
4,0.7,51.0,1.0,0.0,7.215686274509804,2.0,,181.97308727412533,0.0,
5,0.7,41.0,1.0,0.0,10.951219512195122,10.0,,301.70493753718023,0.0,
6,0.7,43.0,2.0,0.0,10.30232558139535,8.0,,220.11790156841536,16.0,
7,0.7,48.0,1.0,0.0,8.166666666666666,2.0,,293.88888888888886,0.0,
8,0.7,49.0,2.0,0.0,9.285714285714286,7.0,,189.3877551020408,25.0,
9,0.7,52.0,1.0,0.0,6.0,2.0,,89.23076923076923,0.0,
10,0.7,37.0,0.0,0.0,9.594594594594595,,,437.5383491599708,,
11,0.7,52.0,3.0,0.0,8.98076923076923,8.333333333333334,,226.44193786982248,29.555555555555554,
12,0.7,54.0,3.0,0.0,8.648148148148149,3.6666666666666665,,179.48731138545952,2.8888888888888893,
13,0.7,46.0,1.0,0.0,9.021739130434783,3.0,,207.58648393194704,0.0,
14,0.7,47.0,1.0,0.0,8.02127659574468,2.0,,193.33997283838843,0.0,
15,0.7,44.0,0.0,0.0,9.590909090909092,,,245.37809917355372,,
16,0.7,53.0,2.0,0.0,8.641509433962264,4.0,,139.73940904236386,1.0,
17,0.7,48.0,0.0,0.0,8.916666666666666,,,147.57638888888889,,
18,0.7,47.0,2.0,0.0,11.23404255319149,19.0,,233.11543684925306,100.0,
19,0.7,47.0,1.0,0.0,8.957446808510639,1.0,,177.87052965142595,0.0,
20,0.7,42.0,2.0,0.0,11.119047619047619,9.5,,254.81916099773247,56.25,
21,0.7,50.0,0.0,0.0,8.76,,,116.86240000000002,,
22,0.7,50.0,0.0,0.0,9.64,,,240.6304,,
23,0.7,41.0,1.0,0.0,9.487804878048781,3.0,,214.10350981558597,0.0,
24,0.7,41.0,1.0,2.0,13.170731707317072,10.0,5.0,355.4098750743605,0.0,16.0
25,0.7,57.0,3.0,0.0,8.298245614035087,1.6666666666666667,,142.59526008002462,0.888888888888889,
26,0.7,49.0,3.0,0.0,8.959183673469388,2.0,,131.42690545605996,0.6666666666666666,
27,0.7,43.0,1.0,0.0,9.348837209302326,8.0,,266.55273120605733,0.0,
28,0.7,47.0,1.0,0.0,9.808510638297872,16.0,,300.75056586690806,0.0,
29,0.7,39.0,1.0,0.0,12.128205128205128,28.0,,349.9066403681789,0.0,
30,0.7,48.0,1.0,0.0,8.854166666666666,15.0,,252.70789930555557,0.0,
31,0.7,54.0,2.0,0.0,7.944444444444445,2.5,,187.6820987654321,0.25,
32,0.7,46.0,1.0,0.0,10.173913043478262,17.0,,250.882797731569,0.0,
33,0.7,51.0,2.0,1.0,9.784313725490197,22.5,3.0,268.5221068819685,0.25,0.0
34,0.7,46.0,1.0,0.0,8.369565217391305,11.0,,190.84168241965975,0.0,
35,0.7,44.0,2.0,0.0,9.363636363636363,8.5,,300.504132231405,56.25,
36,0.7,50.0,0.0,0.0,7.94,,,160.37640000000002,,
37,0.7,45.0,2.0,0.0,8.088888888888889,8.5,,421.72543209876545,12.25,
38,0.7,45.0,1.0,0.0,10.28888888888889,1.0,,266.56098765432097,0.0,
39,0.7,47.0,3.0,2.0,10.085106382978724,6.333333333333333,2.0,211.56722498868265,30.88888888888889,0.0
40,0.7,49.0,0.0,0.0,8.306122448979592,,,166.4981257809246,,
41,0.7,47.0,2.0,1.0,10.659574468085106,27.0,12.0,304.0543232231779,121.0,0.0
42,0.7,44.0,0.0,0.0,9.704545454545455,,,210.34452479338844,,
43,0.7,43.0,0.0,0.0,9.279069767441861,,,279.0849107625744,,
44,0.7,47.0,5.0,1.0,12.425531914893616,10.8,1.0,187.94658216387504,35.36,0.0
45,0.7,49.0,0.0,0.0,7.959183673469388,,,227.59017076218245,,
46,0.7,52.0,2.0,0.0,8.423076923076923,12.5,,173.55177514792902,72.25,
47,0.7,45.0,3.0,0.0,9.777777777777779,2.6666666666666665,,265.10617283950614,0.22222222222222224,
48,0.7,43.0,3.0,0.0,10.69767441860465,5.0,,164.25743645213632,6.0,
49,0.7,50.0,0.0,0.0,7.2,,,146.12,,
0,0.8,44.0,1.0,0.0,11.181818181818182,15.0,,348.6033057851239,0.0,
1,0.8,42.0,2.0,0.0,9.857142857142858,5.5,,358.8367346938775,12.25,
2,0.8,42.0,2.0,0.0,10.523809523809524,7.0,,196.86848072562358,25.0,
3,0.8,47.0,2.0,0.0,10.127659574468085,3.0,,199.09008601177,4.0,
4,0.8,57.0,0.0,0.0,6.666666666666667,,,165.62573099415204,,
5,0.8,48.0,1.0,0.0,9.645833333333334,10.0,,266.8120659722222,0.0,
6,0.8,50.0,2.0,0.0,8.98,8.0,,194.7796,16.0,
7,0.8,51.0,1.0,0.0,7.96078431372549,2.0,,277.8415993848519,0.0,
8,0.8,56.0,1.0,0.0,7.982142857142857,12.0,,193.16039540816328,0.0,
9,0.8,55.0,0.0,0.0,7.2727272727272725,,,241.61652892561986,,
10,0.8,41.0,0.0,0.0,9.829268292682928,,,351.26353361094584,,
11,0.8,52.0,3.0,0.0,8.173076923076923,8.333333333333334,,180.10465976331363,29.555555555555554,
12,0.8,55.0,3.0,0.0,8.763636363636364,3.0,,181.1986776859504,8.0,
13,0.8,53.0,0.0,0.0,8.20754716981132,,,173.07013171947315,,
14,0.8,50.0,0.0,0.0,8.16,,,193.4944,,
15,0.8,43.0,0.0,0.0,9.813953488372093,,,251.08166576527853,,
16,0.8,57.0,5.0,0.0,8.385964912280702,2.0,,122.30717143736534,2.4,
17,0.8,55.0,0.0,0.0,7.9818181818181815,,,134.23603305785122,,
18,0.8,51.0,2.0,0.0,10.411764705882353,20.5,,226.7912341407151,72.25,
19,0.8,54.0,1.0,0.0,8.277777777777779,2.0,,164.608024691358,0.0,
20,0.8,49.0,2.0,0.0,9.979591836734693,9.5,,226.83631820074967,56.25,
21,0.8,50.0,1.0,0.0,8.56,2.0,,106.0064,0.0,
22,0.8,57.0,0.0,0.0,8.75438596491228,,,217.0624807633118,,
23,0.8,49.0,1.0,0.0,8.673469387755102,2.0,,161.28113286130778,0.0,
24,0.8,42.0,3.0,1.0,12.785714285714286,9.333333333333334,9.0,326.0731292517007,9.555555555555555,0.0
25,0.8,57.0,2.0,0.0,8.473684210526315,1.5,,132.53000923361034,0.25,
26,0.8,51.0,3.0,0.0,9.117647058823529,2.0,,125.47635524798156,0.6666666666666666,
27,0.8,49.0,1.0,0.0,9.142857142857142,9.0,,244.65306122448985,0.0,
28,0.8,50.0,1.0,0.0,8.6,13.0,,299.44,0.0,
29,0.8,46.0,1.0,0.0,10.391304347826088,7.0,,256.54253308128546,0.0,
30,0.8,54.0,1.0,0.0,8.037037037037036,5.0,,232.73936899862827,0.0,
31,0.8,57.0,3.0,0.0,7.43859649122807,2.3333333333333335,,187.19359803016314,0.22222222222222224,
32,0.8,48.0,1.0,0.0,9.354166666666666,2.0,,249.52039930555557,0.0,
33,0.8,53.0,2.0,1.0,9.60377358490566,22.5,3.0,264.503381986472,0.25,0.0
34,0.8,46.0,2.0,0.0,10.521739130434783,7.0,,345.2060491493384,16.0,
35,0.8,46.0,2.0,0.0,9.282608695652174,9.0,,294.1592627599244,64.0,
36,0.8,55.0,0.0,0.0,7.472727272727273,,,152.86743801652892,,
37,0.8,50.0,2.0,0.0,7.74,10.0,,355.87239999999997,4.0,
38,0.8,49.0,1.0,0.0,9.63265306122449,1.0,,249.70179092044984,0.0,
39,0.8,52.0,4.0,2.0,9.807692307692308,8.75,2.0,173.155325443787,71.1875,0.0
40,0.8,54.0,0.0,0.0,7.962962962962963,,,161.7764060356653,,
41,0.8,50.0,2.0,1.0,10.16,30.5,7.0,282.1344,210.25,0.0
42,0.8,44.0,0.0,0.0,9.863636363636363,,,210.93595041322317,,
43,0.8,49.0,0.0,0.0,8.122448979591837,,,249.90337359433568,,
44,0.8,50.0,5.0,1.0,12.08,10.6,1.0,174.8736,35.44,0.0
45,0.8,51.0,0.0,0.0,8.411764705882353,,,225.3794694348328,,
46,0.8,55.0,2.0,0.0,8.836363636363636,18.5,,171.7368595041322,12.25,
47,0.8,52.0,4.0,0.0,9.807692307692308,2.0,,273.7322485207101,0.5,
48,0.8,46.0,3.0,0.0,10.73913043478261,5.0,,179.32325141776934,6.0,
49,0.8,56.0,0.0,0.0,7.035714285714286,,,161.64158163265307,,
0,0.9,49.0,1.0,0.0,10.306122448979592,20.0,,264.0083298625573,0.0,
1,0.9,49.0,0.0,0.0,8.448979591836734,,,293.0229071220325,,
2,0.9,48.0,2.0,0.0,9.4375,9.0,,166.07942708333334,9.0,
3,0.9,56.0,2.0,0.0,8.660714285714286,3.5,,176.36702806122452,2.25,
4,0.9,64.0,1.0,0.0,6.109375,1.0,,149.847412109375,0.0,
5,0.9,52.0,1.0,0.0,8.903846153846153,9.0,,249.3176775147929,0.0,
6,0.9,52.0,1.0,0.0,8.346153846153847,12.0,,211.11094674556213,0.0,
7,0.9,59.0,1.0,0.0,7.101694915254237,2.0,,245.07440390692327,0.0,
8,0.9,59.0,2.0,0.0,7.745762711864407,7.0,,167.71502441827062,25.0,
9,0.9,60.0,1.0,0.0,6.866666666666666,2.0,,208.08222222222224,0.0,
10,0.9,41.0,0.0,0.0,9.853658536585366,,,352.66151100535393,,
11,0.9,58.0,3.0,0.0,8.241379310344827,8.333333333333334,,176.83828775267537,29.555555555555554,
12,0.9,61.0,4.0,0.0,8.114754098360656,3.25,,159.93765116904058,5.1875,
13,0.9,53.0,0.0,0.0,8.20754716981132,,,173.6361694553222,,
14,0.9,59.0,1.0,0.0,7.203389830508475,2.0,,168.0603274921,0.0,
15,0.9,50.0,0.0,0.0,8.74,,,221.43240000000003,,
16,0.9,63.0,5.0,0.0,7.746031746031746,2.0,,114.25296044343665,2.4,
17,0.9,62.0,0.0,0.0,7.064516129032258,,,124.41519250780439,,
18,0.9,57.0,2.0,0.0,9.175438596491228,16.5,,221.58325638658053,156.25,
19,0.9,61.0,1.0,0.0,7.721311475409836,1.0,,144.92233270626176,0.0,
20,0.9,54.0,2.0,0.0,9.092592592592593,9.5,,213.23216735253772,56.25,
21,0.9,63.0,1.0,0.0,7.26984126984127,2.0,,89.75258251448727,0.0,
22,0.9,56.0,0.0,0.0,8.214285714285714,,,204.3469387755102,,
23,0.9,56.0,1.0,0.0,7.803571428571429,3.0,,145.47927295918365,0.0,
24,0.9,47.0,3.0,2.0,11.617021276595745,9.0,5.0,296.57673155273886,10.666666666666666,4.0
25,0.9,63.0,3.0,0.0,7.936507936507937,1.3333333333333333,,121.96422272612749,0.2222222222222222,
26,0.9,54.0,3.0,0.0,8.481481481481481,2.0,,122.69410150891632,0.6666666666666666,
27,0.9,52.0,2.0,0.0,8.673076923076923,11.0,,210.0661982248521,4.0,
28,0.9,55.0,1.0,0.0,8.8,13.0,,244.16,0.0,
29,0.9,51.0,2.0,0.0,10.470588235294118,17.5,,254.83737024221455,110.25,
30,0.9,55.0,2.0,0.0,8.472727272727273,10.0,,233.84925619834715,25.0,
31,0.9,64.0,2.0,0.0,6.90625,2.5,,164.8662109375,0.25,
32,0.9,53.0,1.0,0.0,8.849056603773585,17.0,,228.27910288358848,0.0,
33,0.9,58.0,1.0,0.0,8.068965517241379,23.0,,212.58145065398338,0.0,
34,0.9,50.0,1.0,0.0,9.2,11.0,,278.92,0.0,
35,0.9,52.0,1.0,0.0,8.134615384615385,16.0,,262.385724852071,0.0,
36,0.9,58.0,1.0,0.0,7.362068965517241,1.0,,145.23097502972652,0.0,
37,0.9,56.0,2.0,0.0,7.696428571428571,7.5,,330.7828443877551,6.25,
38,0.9,49.0,1.0,0.0,9.489795918367347,1.0,,251.515201999167,0.0,
39,0.9,55.0,5.0,2.0,9.4,7.4,2.0,167.44000000000003,65.03999999999999,0.0
40,0.9,58.0,0.0,0.0,7.396551724137931,,,154.5496432818074,,
41,0.9,53.0,2.0,1.0,9.924528301886792,29.0,8.0,252.06977572089707,169.0,0.0
42,0.9,50.0,0.0,0.0,8.82,,,191.58759999999998,,
43,0.9,55.0,0.0,0.0,7.290909090909091,,,227.62446280991733,,
44,0.9,52.0,5.0,1.0,11.653846153846153,10.6,1.0,174.2647928994083,32.239999999999995,0.0
45,0.9,57.0,0.0,0.0,7.5964912280701755,,,202.1003385657125,,
46,0.9,61.0,3.0,0.0,8.098360655737705,13.0,,153.79360386992744,68.66666666666667,
47,0.9,57.0,4.0,0.0,9.105263157894736,2.0,,247.77839335180056,0.5,
48,0.9,50.0,3.0,0.0,10.04,5.0,,166.5584,6.0,
49,0.9,60.0,0.0,0.0,7.05,,,162.61416666666668,,
0,1.0,51.0,1.0,0.0,9.882352941176471,20.0,,256.61361014994236,0.0,
1,1.0,53.0,2.0,0.0,9.018867924528301,22.5,,319.3015307938768,462.25,
2,1.0,51.0,3.0,0.0,9.019607843137255,6.666666666666667,,158.6074586697424,16.88888888888889,
3,1.0,59.0,2.0,0.0,8.220338983050848,3.5,,170.44297615627693,2.25,
4,1.0,69.0,1.0,0.0,5.768115942028985,1.0,,139.85927326191978,0.0,
5,1.0,56.0,1.0,0.0,8.5,9.0,,233.75,0.0,
6,1.0,56.0,2.0,0.0,8.303571428571429,8.0,,178.67570153061226,16.0,
7,1.0,61.0,1.0,0.0,6.934426229508197,2.0,,237.60225745767266,0.0,
8,1.0,66.0,2.0,0.0,7.2727272727272725,7.0,,151.44077134986225,25.0,
9,1.0,65.0,1.0,0.0,6.369230769230769,2.0,,194.2636686390533,0.0,
10,1.0,45.0,0.0,0.0,9.066666666666666,,,326.0177777777778,,
11,1.0,62.0,3.0,0.0,7.838709677419355,8.333333333333334,,167.87721123829346,29.555555555555554,
12,1.0,69.0,4.0,0.0,7.304347826086956,3.25,,145.63201008191555,5.1875,
13,1.0,57.0,0.0,0.0,7.649122807017544,,,164.64881502000617,,
14,1.0,61.0,1.0,0.0,7.0,2.0,,163.7704918032787,0.0,
15,1.0,53.0,0.0,0.0,8.283018867924529,,,212.20291918832328,,
16,1.0,66.0,5.0,0.0,7.4393939393939394,2.0,,111.0342056932966,2.4,
17,1.0,65.0,0.0,0.0,6.969230769230769,,,119.13751479289942,,
18,1.0,60.0,2.0,0.0,9.116666666666667,19.0,,198.8697222222222,100.0,
19,1.0,64.0,1.0,0.0,7.328125,1.0,,140.751708984375,0.0,
20,1.0,57.0,2.0,0.0,8.842105263157896,9.5,,203.99261311172666,56.25,
21,1.0,65.0,1.0,0.0,7.153846153846154,2.0,,87.48402366863907,0.0,
22,1.0,63.0,0.0,0.0,8.0,,,200.63492063492063,,
23,1.0,58.0,1.0,0.0,7.517241379310345,3.0,,141.8703923900119,0.0,
24,1.0,52.0,3.0,2.0,10.73076923076923,9.333333333333334,5.0,274.8890532544379,10.888888888888888,4.0
25,1.0,67.0,3.0,0.0,7.462686567164179,1.6666666666666667,,116.27845845399868,0.888888888888889,
26,1.0,60.0,3.0,0.0,7.916666666666667,2.0,,113.57638888888889,0.6666666666666666,
27,1.0,54.0,2.0,0.0,9.166666666666666,11.0,,224.9537037037037,4.0,
28,1.0,60.0,2.0,0.0,8.133333333333333,8.0,,225.08222222222224,49.0,
29,1.0,53.0,2.0,0.0,10.150943396226415,17.5,,247.8640085439658,110.25,
30,1.0,59.0,2.0,0.0,7.983050847457627,10.0,,221.10140764148235,25.0,
31,1.0,68.0,2.0,0.0,6.602941176470588,2.5,,156.6805795847751,0.25,
32,1.0,56.0,1.0,0.0,8.589285714285714,17.0,,217.70631377551018,0.0,
33,1.0,63.0,2.0,1.0,8.19047619047619,22.5,3.0,227.9002267573696,0.25,0.0
34,1.0,53.0,1.0,0.0,9.0,11.0,,264.2641509433962,0.0,
35,1.0,56.0,2.0,0.0,7.892857142857143,8.5,,245.09566326530617,56.25,
36,1.0,61.0,1.0,0.0,7.065573770491803,1.0,,139.7989787691481,0.0,
37,1.0,61.0,2.0,0.0,7.131147540983607,7.5,,307.3598495028219,6.25,
38,1.0,54.0,1.0,0.0,8.851851851851851,1.0,,232.57064471879286,0.0,
39,1.0,62.0,5.0,2.0,8.548387096774194,7.4,2.0,153.6024973985432,65.03999999999999,0.0
40,1.0,62.0,0.0,0.0,7.145161290322581,,,145.67247658688862,,
41,1.0,57.0,2.0,1.0,9.298245614035087,29.0,8.0,239.57771622037552,169.0,0.0
42,1.0,52.0,0.0,0.0,8.51923076923077,,,186.480399408284,,
43,1.0,58.0,0.0,0.0,6.982758620689655,,,217.60315101070157,,
44,1.0,57.0,5.0,1.0,10.75438596491228,10.8,1.0,163.44844567559247,35.36,0.0
45,1.0,60.0,0.0,0.0,7.166666666666667,,,192.57222222222222,,
46,1.0,67.0,3.0,0.0,7.462686567164179,13.0,,141.74114502116285,68.66666666666667,
47,1.0,59.0,4.0,0.0,8.88135593220339,2.0,,240.81643205975297,0.5,
48,1.0,53.0,3.0,0.0,9.660377358490566,5.0,,160.1488074047704,6.0,
49,1.0,68.0,0.0,0.0,6.294117647058823,,,135.00173010380624,,
